tax_name,genus,family,indicated_type,source
Alnus,Alnus,,(a) Trees and shrubs of damp soils ,Encyclopedia_of_Quaternary_Science_2.Edition_Volume.3_p.886_Table.1
Salix ,Salix,,(a) Trees and shrubs of damp soils ,Encyclopedia_of_Quaternary_Science_2.Edition_Volume.3_p.886_Table.1
Myrica gale ,Myrica,,(a) Trees and shrubs of damp soils ,Encyclopedia_of_Quaternary_Science_2.Edition_Volume.3_p.886_Table.1
Fraxinus,Fraxinus,,(b) Shade-tolerant trees and shrubs ,Encyclopedia_of_Quaternary_Science_2.Edition_Volume.3_p.886_Table.1
Ulmus,Ulmus,,(b) Shade-tolerant trees and shrubs ,Encyclopedia_of_Quaternary_Science_2.Edition_Volume.3_p.886_Table.1
Tilia,Tilia,,(b) Shade-tolerant trees and shrubs ,Encyclopedia_of_Quaternary_Science_2.Edition_Volume.3_p.886_Table.1
Quercus,Quercus,,(b) Shade-tolerant trees and shrubs ,Encyclopedia_of_Quaternary_Science_2.Edition_Volume.3_p.886_Table.1
Acer,Acer,,(b) Shade-tolerant trees and shrubs ,Encyclopedia_of_Quaternary_Science_2.Edition_Volume.3_p.886_Table.1
Hedera helix ,Hedera,,(b) Shade-tolerant trees and shrubs ,Encyclopedia_of_Quaternary_Science_2.Edition_Volume.3_p.886_Table.1
Viburnum ,Viburnum,,(b) Shade-tolerant trees and shrubs ,Encyclopedia_of_Quaternary_Science_2.Edition_Volume.3_p.886_Table.1
Sambucus nigra ,Sambucus,,(b) Shade-tolerant trees and shrubs ,Encyclopedia_of_Quaternary_Science_2.Edition_Volume.3_p.886_Table.1
Sambucus racemosa ,Sambucus,,(b) Shade-tolerant trees and shrubs ,Encyclopedia_of_Quaternary_Science_2.Edition_Volume.3_p.886_Table.1
Cornus sanguinea ,Cornus,,(b) Shade-tolerant trees and shrubs ,Encyclopedia_of_Quaternary_Science_2.Edition_Volume.3_p.886_Table.1
Crataegus ,Crataegus,,(b) Shade-tolerant trees and shrubs ,Encyclopedia_of_Quaternary_Science_2.Edition_Volume.3_p.886_Table.1
Lonicera ,Lonicera,,(b) Shade-tolerant trees and shrubs ,Encyclopedia_of_Quaternary_Science_2.Edition_Volume.3_p.886_Table.1
Fagus ,Fagus,,(b) Shade-tolerant trees and shrubs ,Encyclopedia_of_Quaternary_Science_2.Edition_Volume.3_p.886_Table.1
Carpinus ,Carpinus,,(b) Shade-tolerant trees and shrubs ,Encyclopedia_of_Quaternary_Science_2.Edition_Volume.3_p.886_Table.1
Picea abies ,Picea,,(b) Shade-tolerant trees and shrubs ,Encyclopedia_of_Quaternary_Science_2.Edition_Volume.3_p.886_Table.1
Corylus,Corylus,,(c) Light-demanding trees and shrubs ,Encyclopedia_of_Quaternary_Science_2.Edition_Volume.3_p.886_Table.1
Betula,Betula,,(c) Light-demanding trees and shrubs ,Encyclopedia_of_Quaternary_Science_2.Edition_Volume.3_p.886_Table.1
Populus,Populus,,(c) Light-demanding trees and shrubs ,Encyclopedia_of_Quaternary_Science_2.Edition_Volume.3_p.886_Table.1
Pinus,Pinus,,(c) Light-demanding trees and shrubs ,Encyclopedia_of_Quaternary_Science_2.Edition_Volume.3_p.886_Table.1
Prunus spp. Prunus avium/spinosa ,Prunus,,(c) Light-demanding trees and shrubs ,Encyclopedia_of_Quaternary_Science_2.Edition_Volume.3_p.886_Table.1
Sorbus aucuparia ,Sorbus,,(c) Light-demanding trees and shrubs ,Encyclopedia_of_Quaternary_Science_2.Edition_Volume.3_p.886_Table.1
Evonymus,Evonymus,,(c) Light-demanding trees and shrubs ,Encyclopedia_of_Quaternary_Science_2.Edition_Volume.3_p.886_Table.1
Rhamnus cathartica ,Rhamnus,,(c) Light-demanding trees and shrubs ,Encyclopedia_of_Quaternary_Science_2.Edition_Volume.3_p.886_Table.1
Cotoneaster spp. ,Cotoneaster,,(c) Light-demanding trees and shrubs ,Encyclopedia_of_Quaternary_Science_2.Edition_Volume.3_p.886_Table.1
Rosa,Rosa,,(c) Light-demanding trees and shrubs ,Encyclopedia_of_Quaternary_Science_2.Edition_Volume.3_p.886_Table.1
Cf. Malus sylvestris,Malus,,(c) Light-demanding trees and shrubs ,Encyclopedia_of_Quaternary_Science_2.Edition_Volume.3_p.886_Table.1
Cf. Sorbus intermedia ,Sorbus,,(c) Light-demanding trees and shrubs ,Encyclopedia_of_Quaternary_Science_2.Edition_Volume.3_p.886_Table.1
Rubus spp. ,Rubus,,(c) Light-demanding trees and shrubs ,Encyclopedia_of_Quaternary_Science_2.Edition_Volume.3_p.886_Table.1
Aesculus hippocastaneum ,Aesculus,,(d) Cultivated trees ,Encyclopedia_of_Quaternary_Science_2.Edition_Volume.3_p.886_Table.1
Juglans regia,Juglans,,(d) Cultivated trees ,Encyclopedia_of_Quaternary_Science_2.Edition_Volume.3_p.886_Table.1
Ligustrum vulgaris/Syringa ,Ligustrum,,(d) Cultivated trees ,Encyclopedia_of_Quaternary_Science_2.Edition_Volume.3_p.886_Table.1
(Syringa),Syringa ,,(d) Cultivated trees ,Encyclopedia_of_Quaternary_Science_2.Edition_Volume.3_p.886_Table.1
Aegopodium podagraria,Aegopodium,,(e) Forest herbs and ferns ,Encyclopedia_of_Quaternary_Science_2.Edition_Volume.3_p.886_Table.1
Anemone nemorosa group/Hepatica nobilis ,Anemone,,(e) Forest herbs and ferns ,Encyclopedia_of_Quaternary_Science_2.Edition_Volume.3_p.886_Table.1
(Hepatica nobilis),Hepatica,,(e) Forest herbs and ferns ,Encyclopedia_of_Quaternary_Science_2.Edition_Volume.3_p.886_Table.1
Humulus,Humulus,,(e) Forest herbs and ferns ,Encyclopedia_of_Quaternary_Science_2.Edition_Volume.3_p.886_Table.1
Chrysosplenium,Chrysosplenium,,(e) Forest herbs and ferns ,Encyclopedia_of_Quaternary_Science_2.Edition_Volume.3_p.886_Table.1
Fragaria,Fragaria,,(e) Forest herbs and ferns ,Encyclopedia_of_Quaternary_Science_2.Edition_Volume.3_p.886_Table.1
Lamium type,Lamium,,(e) Forest herbs and ferns ,Encyclopedia_of_Quaternary_Science_2.Edition_Volume.3_p.886_Table.1
Lysimachia nemorum,Lysimachia,,(e) Forest herbs and ferns ,Encyclopedia_of_Quaternary_Science_2.Edition_Volume.3_p.886_Table.1
Mercurialis,Mercurialis,,(e) Forest herbs and ferns ,Encyclopedia_of_Quaternary_Science_2.Edition_Volume.3_p.886_Table.1
Melampyrum,Melampyrum,,(e) Forest herbs and ferns ,Encyclopedia_of_Quaternary_Science_2.Edition_Volume.3_p.886_Table.1
Rosaceae undiff.,,Rosaceae,(e) Forest herbs and ferns ,Encyclopedia_of_Quaternary_Science_2.Edition_Volume.3_p.886_Table.1
Sanicula europaea,Sanicula,,(e) Forest herbs and ferns ,Encyclopedia_of_Quaternary_Science_2.Edition_Volume.3_p.886_Table.1
Scilla type,Scilla,,(e) Forest herbs and ferns ,Encyclopedia_of_Quaternary_Science_2.Edition_Volume.3_p.886_Table.1
Stachys sylvatica type,Stachys,,(e) Forest herbs and ferns ,Encyclopedia_of_Quaternary_Science_2.Edition_Volume.3_p.886_Table.1
Stellaria holostea,Stellaria,,(e) Forest herbs and ferns ,Encyclopedia_of_Quaternary_Science_2.Edition_Volume.3_p.886_Table.1
Stellaria nemorum,Stellaria,,(e) Forest herbs and ferns ,Encyclopedia_of_Quaternary_Science_2.Edition_Volume.3_p.886_Table.1
Symphytum,Symphytum,,(e) Forest herbs and ferns ,Encyclopedia_of_Quaternary_Science_2.Edition_Volume.3_p.886_Table.1
Trientalis europaea,Trientalis,,(e) Forest herbs and ferns ,Encyclopedia_of_Quaternary_Science_2.Edition_Volume.3_p.886_Table.1
Vicia type cf. Lathyrus sylvestris,Lathyrus,,(e) Forest herbs and ferns ,Encyclopedia_of_Quaternary_Science_2.Edition_Volume.3_p.886_Table.1
Vicia sylvatica type,Vicia,,(e) Forest herbs and ferns ,Encyclopedia_of_Quaternary_Science_2.Edition_Volume.3_p.886_Table.1
Viola canina,Viola,,(e) Forest herbs and ferns ,Encyclopedia_of_Quaternary_Science_2.Edition_Volume.3_p.886_Table.1
Polypodiaceae undiff.,,Polypodiaceae,(e) Forest herbs and ferns ,Encyclopedia_of_Quaternary_Science_2.Edition_Volume.3_p.886_Table.1
Athyrium filix-femina ,Athyrium,,(e) Forest herbs and ferns ,Encyclopedia_of_Quaternary_Science_2.Edition_Volume.3_p.886_Table.1
Dryopteris filix-mas ,Dryopteris,,(e) Forest herbs and ferns ,Encyclopedia_of_Quaternary_Science_2.Edition_Volume.3_p.886_Table.1
Dryopteris cristata type ,Dryopteris,,(e) Forest herbs and ferns ,Encyclopedia_of_Quaternary_Science_2.Edition_Volume.3_p.886_Table.1
Dryopteris dilatata ,Dryopteris,,(e) Forest herbs and ferns ,Encyclopedia_of_Quaternary_Science_2.Edition_Volume.3_p.886_Table.1
Gymnocarpium dryopteris ,Gymnocarpium,,(e) Forest herbs and ferns ,Encyclopedia_of_Quaternary_Science_2.Edition_Volume.3_p.886_Table.1
Lycopodium annotinum ,Lycopodium,,(e) Forest herbs and ferns ,Encyclopedia_of_Quaternary_Science_2.Edition_Volume.3_p.886_Table.1
Matteuccia struthiopteris ,Matteuccia,,(e) Forest herbs and ferns ,Encyclopedia_of_Quaternary_Science_2.Edition_Volume.3_p.886_Table.1
Polypodium vulgare ,Polypodium,,(e) Forest herbs and ferns ,Encyclopedia_of_Quaternary_Science_2.Edition_Volume.3_p.886_Table.1
Pteridium aquilinum ,Pteridium,,(e) Forest herbs and ferns ,Encyclopedia_of_Quaternary_Science_2.Edition_Volume.3_p.886_Table.1
Juniperus,Juniperus,,(f) Dry pastures and heath and alvar vegetation ,Encyclopedia_of_Quaternary_Science_2.Edition_Volume.3_p.886_Table.1
Calluna,Calluna,,(f) Dry pastures and heath and alvar vegetation ,Encyclopedia_of_Quaternary_Science_2.Edition_Volume.3_p.886_Table.1
Empetrum,Empetrum,,(f) Dry pastures and heath and alvar vegetation ,Encyclopedia_of_Quaternary_Science_2.Edition_Volume.3_p.886_Table.1
Erica tetralix ,Erica,,(f) Dry pastures and heath and alvar vegetation ,Encyclopedia_of_Quaternary_Science_2.Edition_Volume.3_p.886_Table.1
Ericaceae undiff. ,,Ericaceae,(f) Dry pastures and heath and alvar vegetation ,Encyclopedia_of_Quaternary_Science_2.Edition_Volume.3_p.886_Table.1
Vaccinium spp.,Vaccinium,,(f) Dry pastures and heath and alvar vegetation ,Encyclopedia_of_Quaternary_Science_2.Edition_Volume.3_p.886_Table.1
V. cf. V. uliginosum ,Vaccinium,,(f) Dry pastures and heath and alvar vegetation ,Encyclopedia_of_Quaternary_Science_2.Edition_Volume.3_p.886_Table.1
V. cf. V. vitis-idaea ,Vaccinium,,(f) Dry pastures and heath and alvar vegetation ,Encyclopedia_of_Quaternary_Science_2.Edition_Volume.3_p.886_Table.1
V. cf. V. myrtillus ,Vaccinium,,(f) Dry pastures and heath and alvar vegetation ,Encyclopedia_of_Quaternary_Science_2.Edition_Volume.3_p.886_Table.1
Allium spp. ,Allium,,(f) Dry pastures and heath and alvar vegetation ,Encyclopedia_of_Quaternary_Science_2.Edition_Volume.3_p.886_Table.1
Allium vineale type ,Allium,,(f) Dry pastures and heath and alvar vegetation ,Encyclopedia_of_Quaternary_Science_2.Edition_Volume.3_p.886_Table.1
Anthyllis vulneraria ,Anthyllis,,(f) Dry pastures and heath and alvar vegetation ,Encyclopedia_of_Quaternary_Science_2.Edition_Volume.3_p.886_Table.1
Centaurea nigra type ,Centaurea,,(f) Dry pastures and heath and alvar vegetation ,Encyclopedia_of_Quaternary_Science_2.Edition_Volume.3_p.886_Table.1
Dianthus type,Dianthus,,(f) Dry pastures and heath and alvar vegetation ,Encyclopedia_of_Quaternary_Science_2.Edition_Volume.3_p.886_Table.1
Genista type,Genista,,(f) Dry pastures and heath and alvar vegetation ,Encyclopedia_of_Quaternary_Science_2.Edition_Volume.3_p.886_Table.1
Gentianella campestris type ,Gentianella,,(f) Dry pastures and heath and alvar vegetation ,Encyclopedia_of_Quaternary_Science_2.Edition_Volume.3_p.886_Table.1
Globularia ,Globularia,,(f) Dry pastures and heath and alvar vegetation ,Encyclopedia_of_Quaternary_Science_2.Edition_Volume.3_p.886_Table.1
Gypsophila fastigiata ,Gypsophila,,(f) Dry pastures and heath and alvar vegetation ,Encyclopedia_of_Quaternary_Science_2.Edition_Volume.3_p.886_Table.1
Helianthemum,Helianthemum,,(f) Dry pastures and heath and alvar vegetation ,Encyclopedia_of_Quaternary_Science_2.Edition_Volume.3_p.886_Table.1
Jasione montana,Jasione,,(f) Dry pastures and heath and alvar vegetation ,Encyclopedia_of_Quaternary_Science_2.Edition_Volume.3_p.886_Table.1
Ononis type cf. O. repens ,Ononis,,(f) Dry pastures and heath and alvar vegetation ,Encyclopedia_of_Quaternary_Science_2.Edition_Volume.3_p.886_Table.1
Pimpinella saxifraga ,Pimpinella,,(f) Dry pastures and heath and alvar vegetation ,Encyclopedia_of_Quaternary_Science_2.Edition_Volume.3_p.886_Table.1
Plantago media ,Plantago,,(f) Dry pastures and heath and alvar vegetation ,Encyclopedia_of_Quaternary_Science_2.Edition_Volume.3_p.886_Table.1
Potentilla cf. P. fruticosa ,Potentilla,,(f) Dry pastures and heath and alvar vegetation ,Encyclopedia_of_Quaternary_Science_2.Edition_Volume.3_p.886_Table.1
Sagina procumbens type ,Sagina,,(f) Dry pastures and heath and alvar vegetation ,Encyclopedia_of_Quaternary_Science_2.Edition_Volume.3_p.886_Table.1
Sedum,Sedum,,(f) Dry pastures and heath and alvar vegetation ,Encyclopedia_of_Quaternary_Science_2.Edition_Volume.3_p.886_Table.1
Veronica cf. V. officinalis ,Veronica,,(f) Dry pastures and heath and alvar vegetation ,Encyclopedia_of_Quaternary_Science_2.Edition_Volume.3_p.886_Table.1
Alchemilla ,Alchemilla,,(g) Fresh meadows and pastures ,Encyclopedia_of_Quaternary_Science_2.Edition_Volume.3_p.886_Table.1
Apiaceae undiff. ,,Apiaceae,(g) Fresh meadows and pastures ,Encyclopedia_of_Quaternary_Science_2.Edition_Volume.3_p.886_Table.1
Anthriscus sylvestris ,Anthriscus,,(g) Fresh meadows and pastures ,Encyclopedia_of_Quaternary_Science_2.Edition_Volume.3_p.886_Table.1
Apiaceae cf. Carum carvi ,Carum,,(g) Fresh meadows and pastures ,Encyclopedia_of_Quaternary_Science_2.Edition_Volume.3_p.886_Table.1
Aster type,Aster,,(g) Fresh meadows and pastures ,Encyclopedia_of_Quaternary_Science_2.Edition_Volume.3_p.886_Table.1
Bidens type ,Bidens,,(g) Fresh meadows and pastures ,Encyclopedia_of_Quaternary_Science_2.Edition_Volume.3_p.886_Table.1
Campanula type,Campanula,,(g) Fresh meadows and pastures ,Encyclopedia_of_Quaternary_Science_2.Edition_Volume.3_p.886_Table.1
Cerastium type,Cerastium,,(g) Fresh meadows and pastures ,Encyclopedia_of_Quaternary_Science_2.Edition_Volume.3_p.886_Table.1
Cirsium,Cirsium,,(g) Fresh meadows and pastures ,Encyclopedia_of_Quaternary_Science_2.Edition_Volume.3_p.886_Table.1
Filipendula,Filipendula,,(g) Fresh meadows and pastures ,Encyclopedia_of_Quaternary_Science_2.Edition_Volume.3_p.886_Table.1
Galium type,Galium,,(g) Fresh meadows and pastures ,Encyclopedia_of_Quaternary_Science_2.Edition_Volume.3_p.886_Table.1
Geranium type,Geranium,,(g) Fresh meadows and pastures ,Encyclopedia_of_Quaternary_Science_2.Edition_Volume.3_p.886_Table.1
Heracleum sphondylium ,Heracleum,,(g) Fresh meadows and pastures ,Encyclopedia_of_Quaternary_Science_2.Edition_Volume.3_p.886_Table.1
Hypericum perforatum type ,Hypericum,,(g) Fresh meadows and pastures ,Encyclopedia_of_Quaternary_Science_2.Edition_Volume.3_p.886_Table.1
Juncaceae ,,Juncaceae,(g) Fresh meadows and pastures ,Encyclopedia_of_Quaternary_Science_2.Edition_Volume.3_p.886_Table.1
Knautia,Knautia,,(g) Fresh meadows and pastures ,Encyclopedia_of_Quaternary_Science_2.Edition_Volume.3_p.886_Table.1
Lathyrus pratensis,Lathyrus,,(g) Fresh meadows and pastures ,Encyclopedia_of_Quaternary_Science_2.Edition_Volume.3_p.886_Table.1
Linum catharticum,Linum,,(g) Fresh meadows and pastures ,Encyclopedia_of_Quaternary_Science_2.Edition_Volume.3_p.886_Table.1
Lotus type,Lotus,,(g) Fresh meadows and pastures ,Encyclopedia_of_Quaternary_Science_2.Edition_Volume.3_p.886_Table.1
Medicago sativa,Medicago,,(g) Fresh meadows and pastures ,Encyclopedia_of_Quaternary_Science_2.Edition_Volume.3_p.886_Table.1
Peucedanum carvifolium group ,Peucedanum,,(g) Fresh meadows and pastures ,Encyclopedia_of_Quaternary_Science_2.Edition_Volume.3_p.886_Table.1
Pimpinella major type,Pimpinella,,(g) Fresh meadows and pastures ,Encyclopedia_of_Quaternary_Science_2.Edition_Volume.3_p.886_Table.1
Plantago lanceolata,Plantago,,(g) Fresh meadows and pastures ,Encyclopedia_of_Quaternary_Science_2.Edition_Volume.3_p.886_Table.1
Poaceae undiff.,,Poaceae,(g) Fresh meadows and pastures ,Encyclopedia_of_Quaternary_Science_2.Edition_Volume.3_p.886_Table.1
Polygala vulgaris ,Polygala,,(g) Fresh meadows and pastures ,Encyclopedia_of_Quaternary_Science_2.Edition_Volume.3_p.886_Table.1
Potentilla,Potentilla,,(g) Fresh meadows and pastures ,Encyclopedia_of_Quaternary_Science_2.Edition_Volume.3_p.886_Table.1
Prunella type,Prunella,,(g) Fresh meadows and pastures ,Encyclopedia_of_Quaternary_Science_2.Edition_Volume.3_p.886_Table.1
Primula veris type ,Primula,,(g) Fresh meadows and pastures ,Encyclopedia_of_Quaternary_Science_2.Edition_Volume.3_p.886_Table.1
Ranunculaceae undiff. ,,Ranunculaceae,(g) Fresh meadows and pastures ,Encyclopedia_of_Quaternary_Science_2.Edition_Volume.3_p.886_Table.1
Ranunculus acris type ,Ranunculus,,(g) Fresh meadows and pastures ,Encyclopedia_of_Quaternary_Science_2.Edition_Volume.3_p.886_Table.1
Ranunculus acris group ,Ranunculus,,(g) Fresh meadows and pastures ,Encyclopedia_of_Quaternary_Science_2.Edition_Volume.3_p.886_Table.1
Rhinanthus type,Rhinanthus,,(g) Fresh meadows and pastures ,Encyclopedia_of_Quaternary_Science_2.Edition_Volume.3_p.886_Table.1
Rumex acetosa/acetosella ,Rumex,,(g) Fresh meadows and pastures ,Encyclopedia_of_Quaternary_Science_2.Edition_Volume.3_p.886_Table.1
Saxifraga granulata ,Saxifraga,,(g) Fresh meadows and pastures ,Encyclopedia_of_Quaternary_Science_2.Edition_Volume.3_p.886_Table.1
Scabiosa,Scabiosa,,(g) Fresh meadows and pastures ,Encyclopedia_of_Quaternary_Science_2.Edition_Volume.3_p.886_Table.1
Scorzonera humilis ,Scorzonera,,(g) Fresh meadows and pastures ,Encyclopedia_of_Quaternary_Science_2.Edition_Volume.3_p.886_Table.1
Serratula,Serratula,,(g) Fresh meadows and pastures ,Encyclopedia_of_Quaternary_Science_2.Edition_Volume.3_p.886_Table.1
Sinapis type,Sinapis,,(g) Fresh meadows and pastures ,Encyclopedia_of_Quaternary_Science_2.Edition_Volume.3_p.886_Table.1
Succisa pratensis,Succisa,,(g) Fresh meadows and pastures ,Encyclopedia_of_Quaternary_Science_2.Edition_Volume.3_p.886_Table.1
Trifolium type,Trifolium,,(g) Fresh meadows and pastures ,Encyclopedia_of_Quaternary_Science_2.Edition_Volume.3_p.886_Table.1
Trifolium type cf. T. medium ,Trifolium,,(g) Fresh meadows and pastures ,Encyclopedia_of_Quaternary_Science_2.Edition_Volume.3_p.886_Table.1
T. pratense,Trifolium,,(g) Fresh meadows and pastures ,Encyclopedia_of_Quaternary_Science_2.Edition_Volume.3_p.886_Table.1
T. repens,Trifolium,,(g) Fresh meadows and pastures ,Encyclopedia_of_Quaternary_Science_2.Edition_Volume.3_p.886_Table.1
Veronica cf. V. chamaedrys ,Veronica,,(g) Fresh meadows and pastures ,Encyclopedia_of_Quaternary_Science_2.Edition_Volume.3_p.886_Table.1
Veronica spp.,Veronica,,(g) Fresh meadows and pastures ,Encyclopedia_of_Quaternary_Science_2.Edition_Volume.3_p.886_Table.1
Vicia type,Vicia,,(g) Fresh meadows and pastures ,Encyclopedia_of_Quaternary_Science_2.Edition_Volume.3_p.886_Table.1
Vicia cracca type,Vicia,,(g) Fresh meadows and pastures ,Encyclopedia_of_Quaternary_Science_2.Edition_Volume.3_p.886_Table.1
Viola spp. ,Viola,,(g) Fresh meadows and pastures ,Encyclopedia_of_Quaternary_Science_2.Edition_Volume.3_p.886_Table.1
Cyperaceae,,Cyperaceae,(h) Wet meadows and salt meadows ,Encyclopedia_of_Quaternary_Science_2.Edition_Volume.3_p.886_Table.1
Anagallis tenella type ,Anagallis,,(h) Wet meadows and salt meadows ,Encyclopedia_of_Quaternary_Science_2.Edition_Volume.3_p.886_Table.1
Angelica sylvestris group ,Angelica,,(h) Wet meadows and salt meadows ,Encyclopedia_of_Quaternary_Science_2.Edition_Volume.3_p.886_Table.1
Armeria maritima,Armeria,,(h) Wet meadows and salt meadows ,Encyclopedia_of_Quaternary_Science_2.Edition_Volume.3_p.886_Table.1
Caltha palustris,Caltha,,(h) Wet meadows and salt meadows ,Encyclopedia_of_Quaternary_Science_2.Edition_Volume.3_p.886_Table.1
Comarum palustre ,Comarum,,(h) Wet meadows and salt meadows ,Encyclopedia_of_Quaternary_Science_2.Edition_Volume.3_p.886_Table.1
Epilobium,Epilobium,,(h) Wet meadows and salt meadows ,Encyclopedia_of_Quaternary_Science_2.Edition_Volume.3_p.886_Table.1
Eriophorum,Eriophorum,,(h) Wet meadows and salt meadows ,Encyclopedia_of_Quaternary_Science_2.Edition_Volume.3_p.886_Table.1
Geum urbanum/G. rivale ,Geum,,(h) Wet meadows and salt meadows ,Encyclopedia_of_Quaternary_Science_2.Edition_Volume.3_p.886_Table.1
Glaux maritima,Glaux,,(h) Wet meadows and salt meadows ,Encyclopedia_of_Quaternary_Science_2.Edition_Volume.3_p.886_Table.1
Hydrocotyle vulgaris ,Hydrocotyle,,(h) Wet meadows and salt meadows ,Encyclopedia_of_Quaternary_Science_2.Edition_Volume.3_p.886_Table.1
Impatiens,Impatiens,,(h) Wet meadows and salt meadows ,Encyclopedia_of_Quaternary_Science_2.Edition_Volume.3_p.886_Table.1
Ligusticum scoticum ,Ligusticum,,(h) Wet meadows and salt meadows ,Encyclopedia_of_Quaternary_Science_2.Edition_Volume.3_p.886_Table.1
Lychnis flos-cuculi ,Lychnis,,(h) Wet meadows and salt meadows ,Encyclopedia_of_Quaternary_Science_2.Edition_Volume.3_p.886_Table.1
Lysimachia vulgaris group ,Lysimachia,,(h) Wet meadows and salt meadows ,Encyclopedia_of_Quaternary_Science_2.Edition_Volume.3_p.886_Table.1
Mentha type,Mentha,,(h) Wet meadows and salt meadows ,Encyclopedia_of_Quaternary_Science_2.Edition_Volume.3_p.886_Table.1
Menyanthes trifoliata ,Menyanthes,,(h) Wet meadows and salt meadows ,Encyclopedia_of_Quaternary_Science_2.Edition_Volume.3_p.886_Table.1
Oenanthe fistulosa type ,Oenanthe,,(h) Wet meadows and salt meadows ,Encyclopedia_of_Quaternary_Science_2.Edition_Volume.3_p.886_Table.1
Plantago coronopus ,Plantago,,(h) Wet meadows and salt meadows ,Encyclopedia_of_Quaternary_Science_2.Edition_Volume.3_p.886_Table.1
Ranunculus ficaria group ,Ranunculus,,(h) Wet meadows and salt meadows ,Encyclopedia_of_Quaternary_Science_2.Edition_Volume.3_p.886_Table.1
Ranunculus flammula group ,Ranunculus,,(h) Wet meadows and salt meadows ,Encyclopedia_of_Quaternary_Science_2.Edition_Volume.3_p.886_Table.1
Schoenoplectus type ,Schoenoplectus,,(h) Wet meadows and salt meadows ,Encyclopedia_of_Quaternary_Science_2.Edition_Volume.3_p.886_Table.1
Thalictrum,Thalictrum,,(h) Wet meadows and salt meadows ,Encyclopedia_of_Quaternary_Science_2.Edition_Volume.3_p.886_Table.1
Triglochin,Triglochin,,(h) Wet meadows and salt meadows ,Encyclopedia_of_Quaternary_Science_2.Edition_Volume.3_p.886_Table.1
Trollius,Trollius,,(h) Wet meadows and salt meadows ,Encyclopedia_of_Quaternary_Science_2.Edition_Volume.3_p.886_Table.1
Equisetum,Equisetum,,(h) Wet meadows and salt meadows ,Encyclopedia_of_Quaternary_Science_2.Edition_Volume.3_p.886_Table.1
Sphagnum ,Sphagnum,,(h) Wet meadows and salt meadows ,Encyclopedia_of_Quaternary_Science_2.Edition_Volume.3_p.886_Table.1
Apiaceae cf. Aethusa cynapium ,Apiaceae,,(i) Ruderal communities ,Encyclopedia_of_Quaternary_Science_2.Edition_Volume.3_p.886_Table.1
Anthriscus caucalis type ,Anthriscus,,(i) Ruderal communities ,Encyclopedia_of_Quaternary_Science_2.Edition_Volume.3_p.886_Table.1
Artemisia,Artemisia,,(i) Ruderal communities ,Encyclopedia_of_Quaternary_Science_2.Edition_Volume.3_p.886_Table.1
Anthemis type ,Anthemis,,(i) Ruderal communities ,Encyclopedia_of_Quaternary_Science_2.Edition_Volume.3_p.886_Table.1
Chaerophyllum hirsutum type ,Chaerophyllum,,(i) Ruderal communities ,Encyclopedia_of_Quaternary_Science_2.Edition_Volume.3_p.886_Table.1
Chenopodiaceae,Chenopodiaceae,,(i) Ruderal communities ,Encyclopedia_of_Quaternary_Science_2.Edition_Volume.3_p.886_Table.1
Cichorium intybus type ,Cichorium,,(i) Ruderal communities ,Encyclopedia_of_Quaternary_Science_2.Edition_Volume.3_p.886_Table.1
Conium maculatum ,Conium,,(i) Ruderal communities ,Encyclopedia_of_Quaternary_Science_2.Edition_Volume.3_p.886_Table.1
Daucus carota ,Daucus,,(i) Ruderal communities ,Encyclopedia_of_Quaternary_Science_2.Edition_Volume.3_p.886_Table.1
Euphorbia,Euphorbia,,(i) Ruderal communities ,Encyclopedia_of_Quaternary_Science_2.Edition_Volume.3_p.886_Table.1
Hornungia type,Hornungia,,(i) Ruderal communities ,Encyclopedia_of_Quaternary_Science_2.Edition_Volume.3_p.886_Table.1
Linaria,Linaria,,(i) Ruderal communities ,Encyclopedia_of_Quaternary_Science_2.Edition_Volume.3_p.886_Table.1
Myosotis discolor ,Myosotis,,(i) Ruderal communities ,Encyclopedia_of_Quaternary_Science_2.Edition_Volume.3_p.886_Table.1
Plantago major,Plantago,,(i) Ruderal communities ,Encyclopedia_of_Quaternary_Science_2.Edition_Volume.3_p.886_Table.1
Reseda lutea type ,Reseda,,(i) Ruderal communities ,Encyclopedia_of_Quaternary_Science_2.Edition_Volume.3_p.886_Table.1
Rumex obtusifolius type,Rumex,,(i) Ruderal communities ,Encyclopedia_of_Quaternary_Science_2.Edition_Volume.3_p.886_Table.1
Scleranthus perennis ,Scleranthus,,(i) Ruderal communities ,Encyclopedia_of_Quaternary_Science_2.Edition_Volume.3_p.886_Table.1
Scrophularia type ,Scrophularia,,(i) Ruderal communities ,Encyclopedia_of_Quaternary_Science_2.Edition_Volume.3_p.886_Table.1
Silene dioica type ,Silene,,(i) Ruderal communities ,Encyclopedia_of_Quaternary_Science_2.Edition_Volume.3_p.886_Table.1
Sonchus oleraceus type ,Sonchus,,(i) Ruderal communities ,Encyclopedia_of_Quaternary_Science_2.Edition_Volume.3_p.886_Table.1
Solanum,Solanum,,(i) Ruderal communities ,Encyclopedia_of_Quaternary_Science_2.Edition_Volume.3_p.886_Table.1
Trifolium campestre ,Trifolium,,(i) Ruderal communities ,Encyclopedia_of_Quaternary_Science_2.Edition_Volume.3_p.886_Table.1
Urtica ,Urtica,,(i) Ruderal communities ,Encyclopedia_of_Quaternary_Science_2.Edition_Volume.3_p.886_Table.1
Cerealia undiff.,,,(j) Cultivated land ,Encyclopedia_of_Quaternary_Science_2.Edition_Volume.3_p.886_Table.1
Avena type,Avena,,(j) Cultivated land ,Encyclopedia_of_Quaternary_Science_2.Edition_Volume.3_p.886_Table.1
Hordeum type,Hordeum,,(j) Cultivated land ,Encyclopedia_of_Quaternary_Science_2.Edition_Volume.3_p.886_Table.1
Secale cereale,Secale,,(j) Cultivated land ,Encyclopedia_of_Quaternary_Science_2.Edition_Volume.3_p.886_Table.1
Triticum type,Triticum,,(j) Cultivated land ,Encyclopedia_of_Quaternary_Science_2.Edition_Volume.3_p.886_Table.1
Zea mays,Zea,,(j) Cultivated land ,Encyclopedia_of_Quaternary_Science_2.Edition_Volume.3_p.886_Table.1
Cannabis type,Cannabis,,(j) Cultivated land ,Encyclopedia_of_Quaternary_Science_2.Edition_Volume.3_p.886_Table.1
Cannabis type cf. C. sativa ,Cannabis,,(j) Cultivated land ,Encyclopedia_of_Quaternary_Science_2.Edition_Volume.3_p.886_Table.1
Fagopyrum esculentum ,Fagopyrum,,(j) Cultivated land ,Encyclopedia_of_Quaternary_Science_2.Edition_Volume.3_p.886_Table.1
Linum usitatissimum type ,Linum,,(j) Cultivated land ,Encyclopedia_of_Quaternary_Science_2.Edition_Volume.3_p.886_Table.1
Agrostemma githago ,Agrostemma,,(j) Cultivated land ,Encyclopedia_of_Quaternary_Science_2.Edition_Volume.3_p.886_Table.1
Anagallis arvensis type ,Anagallis,,(j) Cultivated land ,Encyclopedia_of_Quaternary_Science_2.Edition_Volume.3_p.886_Table.1
Centaurea cyanus,Centaurea,,(j) Cultivated land ,Encyclopedia_of_Quaternary_Science_2.Edition_Volume.3_p.886_Table.1
Faloppia convolvulus type  ,Faloppia,,(j) Cultivated land ,Encyclopedia_of_Quaternary_Science_2.Edition_Volume.3_p.886_Table.1
Polygonum avicuiare type ,Polygonum,,(j) Cultivated land ,Encyclopedia_of_Quaternary_Science_2.Edition_Volume.3_p.886_Table.1
P. persicaria group ,Polygonum,,(j) Cultivated land ,Encyclopedia_of_Quaternary_Science_2.Edition_Volume.3_p.886_Table.1
Ranunculus arvensis ,Ranunculus,,(j) Cultivated land ,Encyclopedia_of_Quaternary_Science_2.Edition_Volume.3_p.886_Table.1
Scleranthus annuus ,Scleranthus,,(j) Cultivated land ,Encyclopedia_of_Quaternary_Science_2.Edition_Volume.3_p.886_Table.1
Trifolium type cf. T. arvense,Trifolium,,(j) Cultivated land ,Encyclopedia_of_Quaternary_Science_2.Edition_Volume.3_p.886_Table.1
Valeriana locusta type ,Valeriana,,(j) Cultivated land ,Encyclopedia_of_Quaternary_Science_2.Edition_Volume.3_p.886_Table.1
Viola arvensis type ,Viola,,(j) Cultivated land ,Encyclopedia_of_Quaternary_Science_2.Edition_Volume.3_p.886_Table.1